{"cameraMode":{"drawMode":0,"name":"Shaded","section":"Shading Mode"},"sceneLighting":false,"audioPlay":false,"sceneViewState":{"showFog":true,"showMaterialUpdate":false,"showSkybox":true,"showFlares":true,"showImageEffects":true,"showParticleSystems":true},"in2DMode":false,"pivot":{"x":315.76800537109377,"y":6.057246685028076,"z":333.0584411621094},"rotation":{"x":-0.34782466292381289,"y":-0.0514380969107151,"z":0.01911585032939911,"w":-0.9359523057937622},"size":40.73001480102539,"orthographic":false}